L6301101,KE,KE-200,,-0.0667076,37.0412636,A2 btwn. Naro Moru and Nanyuki
L983440,KE,KE-200,,-0.3251893,36.9321191,Aberdare Country Club
L1158780,KE,KE-200,,-0.3999678,36.7066956,Aberdare NP
L2688861,KE,KE-200,,-0.4547105,36.7162657,Aberdare NP--Chania Falls
L3830979,KE,KE-200,,-0.48286,36.73008,Aberdare NP--Fishing Lodge
L6196799,KE,KE-200,,-0.4761517,36.8051004,Aberdare NP--Kiandongoro Gate area
L4206242,KE,KE-200,,-0.3497579,36.6166739,Aberdare NP--Mount Satima
L5125062,KE,KE-200,,-0.3704112,36.878314,Aberdare NP--Salient
L961290,KE,KE-200,,-0.3485788,36.81216,Aberdare NP--The Ark
L2383566,KE,KE-200,,-0.3599989,36.9003403,Aberdare NP--Treetops Lodge
L6290911,KE,KE-800,,0.5658182,34.1513872,Adungosi
L1874593,KE,KE-600,,-0.1713178,34.9100661,Ahero Rice Fields
L8179129,KE,KE-700,,0.4573512,35.6616523,Ainamoj area
L7164272,KE,KE-700,,-1.2065401,35.2561998,Aitong Spring
L1473698,KE,KE-800,,0.5051863,34.1381718,Alupe
L966981,KE,KE-700,,-2.6516589,37.2624707,Amboseli NP
L4991172,KE,KE-700,,-2.70556,37.26661,Amboseli NP--Amboseli Serena Lodge
L5505276,KE,KE-700,,-2.6682494,37.2830459,Amboseli NP--Ol Tukai Lodge
L4490156,KE,KE-700,,-2.68351,37.181429,Amboseli NP--Tortilis Camp
L4753210,KE,KE-700,,-2.6001203,37.3596954,Amboseli northeast access (from Ol Tukai to the Emali rd.)
L6308521,KE,KE-700,,-2.4941069,36.9823408,Amboseli western access (Namanga to Meshanani Gate)
L3162013,KE,KE-700,,-1.2744377,34.9705875,Angama Lodge (Ol Kurruk)
L920917,KE,KE-300,,-3.3364116,39.8781395,Arabuko-Sokoke Forest
L6096235,KE,KE-300,,-3.4105265,39.8959064,Arabuko-Sokoke Forest--Braschystegia Forest
L5502383,KE,KE-300,,-3.2629338,39.9754983,Arabuko-Sokoke Forest--Swamp
L6515643,KE,KE-300,,-3.3017581,39.9963659,Arabuko-Sokoke NP--Kenya Forest Service
L3935861,KE,KE-110,,-1.3254767,36.7031336,"Arocha Kenya (Karara), incl. Tree Lane"
L5095814,KE,KE-400,,-1.4402289,37.0085251,Athi River at Manyatta
L3970128,KE,KE-200,,-1.3040125,36.6612804,Athi Spring
L1756098,KE,KE-700,,-0.1998953,35.1559963,"Awasi Grasslands, Nyando Valley"
L7233980,KE,KE-600,,-0.1610986,35.0752513,Awasi town
L8291945,KE,KE-700,,-0.002546,35.965087,B4 @ the Equator
L3970118,KE,KE-200,,-1.2049447,36.6276348,"Bama Forest, Kikuyu"
L1120356,KE,KE-300,,-3.9979039,39.7315514,Bamburi/Mombasa North Beach
L2757447,KE,KE-200,,-0.1139569,37.0437087,Bantu Mountain Lodge
L5512689,KE,KE-300,,-4.3368258,39.5664883,"Baobab Beach Resort, Diani"
L1807560,KE,KE-700,,1.785476,36.7841293,Baragoi (general)
L3074898,KE,KE-700,,-0.0771618,36.0249263,Barina/Sawaiti Swamp
L8040814,KE,KE-700,,1.3325288,36.866435,Barsaloi
L4298094,KE,KE-200,,-0.9608363,36.6309607,"Bathi Dam, Uplands"
L1233037,KE,KE-200,,-1.0243937,37.0679677,"Blue Post Hotel, Thika"
L5152325,KE,KE-200,,-1.0675071,37.0334047,Bob Harris Rd
L3990587,KE,KE-700,,-0.7770579,35.2631414,Bomet Tussock Grassland
L4197723,KE,KE-700,,0.2576285,37.2917175,Borana Conservancy
L2568355,KE,KE-700,,0.2335017,37.3167157,Borana Conservancy--Borana Wildlife Lodge
L3624197,KE,KE-200,,-1.1228939,36.6746378,Brackenhurst
L6535883,KE,KE-800,,0.598176,34.799687,"Broderick/Nabuyole Falls, Webuye"
L6333280,KE,KE-300,,-4.4557481,39.4006205,Buda Forest Reserve
L6238025,KE,KE-800,,0.1377581,34.0210533,Budalangi Wetland
L1008193,KE,KE-400,,0.5688421,37.6124668,Buffalo Springs NR
L6301468,KE,KE-400,,0.56393,37.5618696,Buffalo Springs NR / Samburu NR (combined)
L2699346,KE,KE-400,,0.59215,37.6210821,Buffalo Springs NR--Buffalo Springs Lodge
L4614688,KE,KE-800,,0.0961818,34.0559435,Bunyala Rice Farms
L1874635,KE,KE-400,,-2.3179226,38.1178433,"Bushwackers Camp (formerly), Galana River"
L2484705,KE,KE-800,,0.3841753,34.1485977,Busia Grasslands IBA
L4753241,KE,KE-700,,-2.3676521,37.5323009,C102 btwn Emali and Kimana
L5182174,KE,KE-700,,-1.0889201,35.4090777,C13 Aitong Hills
L5114693,KE,KE-700,,-1.1846051,35.1456499,C13 Aitong to Mara River
L5051602,KE,KE-700,,-1.201592,34.726767,C13 Migori to Lolgorien
L5114702,KE,KE-700,,-1.0201003,35.5472195,C13 wetland 4.5km east of Ngorengore
L8159763,KE,KE-700,,-1.0154921,35.5629576,C13 wetland 6km east of Ngorengore
L4324486,KE,KE-700,,0.073883,36.7032623,C76 btwn Nanyuki and Rumuruti
L3616016,KE,KE-110,,-1.3324149,36.799736,Carnivore/Splash Biodiversity Park (formerly)
L3538358,KE,KE-700,,-0.9705163,35.4008219,"Cattle Watering Hole, Mulot"
L1462619,KE,KE-700,,-0.3336027,35.3457749,Chagaik Arboretum and Tea Estates (2000-2100m)
L6303617,KE,KE-400,,2.9257573,37.6101065,Chalbi Desert (Maikona area)
L1816596,KE,KE-300,,-4.4429237,39.5356635,Chale Island
L6294834,KE,KE-700,,-1.5080112,36.6644239,Champagne Ridge Road
L3730608,KE,KE-200,,-0.8258343,36.8437243,Chania Dam area
L3971690,KE,KE-200,,-1.0437214,37.1887743,Chania River Valley below Thika
L6259758,KE,KE-300,,-3.0640868,40.1725307,Che Shale
L1965974,KE,KE-700,,0.6409058,35.4820633,Chebonet Dam
L6331426,KE,KE-700,,0.1352147,35.6614065,Chemorogok Forest
L6311709,KE,KE-700,,0.4090961,35.1789187,"Chepkiit/Mlango Falls, Biribiriet"
L6311615,KE,KE-700,,0.5822139,35.3088999,"Chepkoilel Campus, Moi University (incl. sewage lagoons)"
L1064077,KE,KE-700,,0.4733133,35.6038731,Cheptebo
L6290930,KE,KE-700,,1.2605873,35.0072157,Cheptuya
L9905164,KE,KE-700,,1.2220428,35.2607575,Cherangani Foothills
L6286232,KE,KE-700,,1.2081805,35.441165,Cherangani Hills IBA
L6308549,KE,KE-400,,-0.3139943,37.6002574,"Chuka Forest, Mt. Kenya"
L1116784,KE,KE-700,,0.7717662,36.406889,Churro
L1406868,KE,KE-400,,-2.6224988,37.859273,Chyulu Hills NP
L3625054,KE,KE-700,,-2.5018558,37.7550745,Chyulu Hills NP--Ol Donyo Lodge
L1873927,KE,KE-110,,-1.2644843,36.8277169,City Park
L1807575,KE,KE-110,,-1.2121822,36.796174,Closeburn Estate Nurseries (formerly)
L6680929,KE,KE-200,,-1.0941675,36.9051468,Coffee Research Institute
L4129352,KE,KE-700,,-1.4637295,36.6526785,Corner Baridi (Magadi Rd)
L9175315,KE,KE-700,,-0.2651105,36.0871486,"Crater Lane, Menengai"
L7842947,KE,KE-300,,-2.8436109,39.9280001,Dakatcha Woodlands (Adu area)
L3405383,KE,KE-110,,-1.2439863,37.0180721,"Dandora WTP, Ruai"
L3158447,KE,KE-200,,-1.0153697,37.2165298,"Del Monte Estate, Thika"
L1279837,KE,KE-700,,1.0349545,34.8459291,Delta Crescent Wildlife Sanctuary
L6303580,KE,KE-700,,2.0572452,36.8442231,Desert Rose Lodge
L5578488,KE,KE-200,,-1.1526327,36.8969607,"Destiny Gardens, Tatu City"
L1321795,KE,KE-300,,-4.3281603,39.5679045,Diani--Jadini Forest
L1321979,KE,KE-300,,-4.3943638,39.5461679,Diani--Kaya Kinondo
L1629521,KE,KE-300,,-4.3062885,39.5715523,Diani/Ukunda (general)
L920934,KE,KE-400,,3.2611772,38.3560181,Dida Galgalu Desert
L5796900,KE,KE-700,,-1.90156,36.748575,Dirt road from Kajiado to Kudu Hills
L9467944,KE,KE-300,,-1.8313453,41.0806029,Dodori National Reserve
L6516329,KE,KE-600,,-0.6203406,34.2252874,Eastern Gwassi Foothills
L6311685,KE,KE-700,,-0.4243974,35.7627726,Eastern Mau Forest
L3351606,KE,KE-700,,-0.6464974,36.2153149,Eburru Hills
L8923680,KE,KE-700,,-0.372803,35.933919,"Egerton University, Njoro"
L1346113,KE,KE-700,,0.2070691,36.9035921,El Karama Ranch Eco Lodge
L1893614,KE,KE-700,,-1.8912214,36.5874054,Elangata Waus
L1120204,KE,KE-700,,0.0494,35.7274,Eldama Ravine
L6290833,KE,KE-700,,0.5212741,35.2846956,Eldoret (general)
L6218490,KE,KE-700,,0.4048654,35.2238792,Eldoret Airport
L7851823,KE,KE-400,,-0.5904217,37.5681495,Embu-Siakago Rd
L3642788,KE,KE-700,,-1.3847501,36.5842044,"Endashant Swamp, Rift Valley"
L7085835,KE,KE-700,,-1.1539699,35.7556057,Ewaso Ngiro (general)
L6623330,KE,KE-200,,-1.178713,36.857196,Fairview Estate
L5796707,KE,KE-110,,-1.2407144,36.761241,Farasi Lane area (incl. Peponi School)
L3932677,KE,KE-110,,-1.3344929,36.7669916,Forest Edge Road (incl. Bomas of Kenya)
L2263986,KE,KE-200,,-1.0799436,37.2504115,"Fourteen Falls, Athi River (and surrrounds)"
L5581790,KE,KE-300,,-3.075,39.239,Galana Crocodile Camp
L6810366,KE,KE-300,,-2.9074505,39.26754,Galana Ranch
L8003696,KE,KE-300,,-4.5768603,39.1280444,Ganda/Gonja Forest
L6297156,KE,KE-300,,-3.565,39.695,"Ganze, Kilifi County"
L1321931,KE,KE-700,,-2.063816,37.3828697,Garabani-Emali Hills
L6846224,KE,KE-500,,-0.4593023,39.6409249,Garissa (general)
L6846270,KE,KE-500,,0.2767485,39.3766308,Garissa-Mado Gashi Road
L1921498,KE,KE-300,,-2.2689418,40.1127148,Garsen (general)
L2354302,KE,KE-200,,-0.9693899,36.6946793,Gatamaiyu Forest
L2484746,KE,KE-300,,-4.4188705,39.5112321,Gazi Mangrove Boardwalk
L1279967,KE,KE-300,,-3.3088463,40.0168955,Gede Ruins
L1487161,KE,KE-600,,-0.4886415,34.2437126,Gembe Hills (cell tower road)
L1803017,KE,KE-600,,-0.4822835,34.1929749,Gembe Hills (west)
L1874608,KE,KE-700,,-0.5174662,36.3246202,Gilgil area (incl. toll station)
L3060959,KE,KE-200,,-1.0052,37.047,"Gitathura Dam, Thika"
L3646166,KE,KE-300,,-3.0443036,40.1500833,Gongoni Salt Works
L1462528,KE,KE-700,,-0.246093,35.9461069,Great Rift Valley (road birding/stops 5-25kms W. of Nakuru)
L6298525,KE,KE-700,,-0.6682762,36.3210905,"Great Rift Valley Lodge, Naivasha"
L6298523,KE,KE-700,,-0.6695206,36.3098037,"Green Park Development, Naivasha"
L2101438,KE,KE-600,,-0.6131627,34.1358948,Gwassi Hills (Gwassi Hills Forest Reserve)
L3990989,KE,KE-600,,-0.6139058,34.0901792,"Gwassi Hills (ICIPE Centre, Nyangwethe)"
L3990887,KE,KE-600,,-0.7184784,34.0997601,Gwassi Hills (Nyenga Hill)
L3989563,KE,KE-600,,-0.5736681,34.0784633,Gwassi Hills (Ragwe Hill)
L3170240,KE,KE-600,,-0.6024481,34.2617762,Gwassi Hills (Ringa Hill)
L5051620,KE,KE-600,,-0.687554,34.144334,Gwassi Hills Hotel & Resort
L3990992,KE,KE-600,,-0.6605927,34.0579176,Gwassi Hills Shoreline Rd (btwn Nyandiwa and Nyangwethe)
L2070641,KE,KE-300,,-4.017357,39.7181511,Haller Park--Bamburi Nature Trail
L989976,KE,KE-700,,-0.8850509,36.3065958,Hells Gate NP
L6533055,KE,KE-700,,0.6559752,35.5023981,High Altitude Training Centre
L6260178,KE,KE-300,,-1.5144263,40.003624,Hola (in Tana River Forests IBA)
L4428150,KE,KE-600,,-0.5243,34.453128,Homa Bay Tourist Hotel and Pier
L1803055,KE,KE-700,,-0.1339482,35.2647024,Homa Lime Co.
L6611803,KE,KE-200,,-0.489,37.263,"Hotel Roswam, Kerugoya"
L6311636,KE,KE-600,,-0.6764445,34.7755198,"Hotel Storm, Kisii"
L1460320,KE,KE-400,,-2.213336,37.7142942,"Hunters Lodge, Kiboko"
L6819419,KE,KE-400,,3.3225891,37.7050996,Huri Hills
L3638713,KE,KE-700,,-0.3750617,36.225915,Hwy 104 (btwn Gilgil and Nakuru)
L1874612,KE,KE-700,,-1.0339633,36.3841009,Hwy B3 (in Rift Valley at Longonot/Suswa area)
L3645610,KE,KE-300,,-2.627869,40.1373053,Hwy B8 (btwn Malindi and Garsen)
L3633220,KE,KE-700,,1.5162524,36.7317581,Hwy C77 (btwn Poror and Baragoi)
L1807561,KE,KE-400,,2.3993819,36.8605471,Hwy C77 (btwn South Horr and Loyengalani)
L3932674,KE,KE-110,,-1.3763253,36.7650162,"IUCN, Langata"
L5057991,KE,KE-700,,-1.5664995,36.629169,"Icross Rd., Rift Valley"
L6436085,KE,KE-400,,0.2794851,38.1057501,Ikweta Safari Camp
L2332731,KE,KE-700,,0.3412436,37.3631287,Il Ngwesi Group Ranch
L7095203,KE,KE-400,,4.3128945,36.2269807,Ileret (general)
L4200231,KE,KE-110,,-1.230646,36.765448,"International School of Kenya (ISK), Kitisuru"
L5638669,KE,KE-400,,0.3386001,37.5796366,Isiolo (Town)
L3633083,KE,KE-400,,0.3687769,37.5859237,Isiolo Wastewater Treatment Plant
L5636543,KE,KE-400,,0.3212626,37.6810884,Isiolo-Kandebene scrubland
L1050643,KE,KE-110,,-1.3309426,36.9250488,"JK International Airport, Embakasi"
L6452709,KE,KE-300,,-4.262496,39.5968294,Jacaranda Indian Ocean Resort
L6308519,KE,KE-110,,-1.3057716,36.7503083,Jamhuri Park
L6274677,KE,KE-200,,-1.0937949,37.0138729,Jomo Kenyatta University of Agriculture and Technology
L6294579,KE,KE-400,,-1.5824484,37.2446984,"KARI, Katumani, Machakos"
L9178782,KE,KE-200,,-1.215,36.645,"KEFRI Lands, Kikuyu"
L6298492,KE,KE-700,,-0.7421425,36.4321607,"KWS Hippo Camp, Lake Naivasha"
L6290877,KE,KE-700,,0.493064,35.7446408,Kabarnet (general)
L3614320,KE,KE-110,,-1.2431728,36.7543906,Kabete Dam (Gatara River)
L8187371,KE,KE-700,,1.3144779,34.9541159,Kachemkot River lowlands
L7998758,KE,KE-800,,0.126533,34.8431835,Kaimosi
L920920,KE,KE-800,,0.2546388,34.8810654,Kakamega Forest NR (General)
L1756091,KE,KE-800,,0.2126812,34.9231484,Kakamega Forest NR--Ikuywa River
L1874646,KE,KE-800,,0.2169512,34.8992016,Kakamega Forest NR--Kakungu Hill and Quarry
L1478001,KE,KE-800,,0.2338854,34.8685171,Kakamega Forest NR--Pumphouse Trail
L1234251,KE,KE-800,,0.2269197,34.8846549,Kakamega Forest NR--Rondo Retreat Lodge
L2315554,KE,KE-800,,0.353234,34.8638034,Kakamega Forest NR--Udo's Camp
L1478011,KE,KE-800,,0.2387349,34.8658592,Kakamega Forest NR--Zimmerman Plot/Isecheno Forest Station
L1807584,KE,KE-800,,0.2810984,34.7557571,Kakamega town (incl. Golf Hotel)
L1235745,KE,KE-600,,-0.1670907,34.8717642,Kakoth Dam
L3645629,KE,KE-400,,3.1188198,37.4145305,Kalacha
L6311632,KE,KE-700,,-1.7889043,36.0559702,Kalema (general)
L6303582,KE,KE-700,,3.5256888,35.8799744,"Kalokol & Fergusson's Gulf, Lake Turkana"
L6290784,KE,KE-400,,-0.8068848,37.6834488,Kamburu Dam
L6293859,KE,KE-700,,-1.4617369,36.6909671,"Kandisi Woodlands, Ongata Rongai, Nairobi"
L5165181,KE,KE-200,,-0.4687366,37.0762517,Kanjogu/Hohwe Dam
L6540705,KE,KE-700,,1.260173,34.9169505,Kanyarkwat (general)
L3638493,KE,KE-700,,0.1109518,35.9081697,Kapcheluguny Wetlands
L921186,KE,KE-700,,1.1782006,36.1021042,Kapedo
L9995016,KE,KE-700,,-1.7408218,36.9814951,Kapiti Plains (Isinya-Konza)
L1460290,KE,KE-400,,-1.6755195,37.1741295,Kapiti/Konza Plains
L6543548,KE,KE-700,,1.1327568,35.1807131,"Kapolet River, Kapcherop Forest"
L1235653,KE,KE-700,,0.3921574,35.2053452,Kapseret Water Dam
L8982684,KE,KE-700,,0.9481113,35.5112761,Kapsowar
L6290835,KE,KE-700,,0.4244582,35.4633415,Kaptagat (general)
L7149235,KE,KE-700,,0.6227924,35.5010855,Kaptagat Forest and Dam
L3931291,KE,KE-110,,-1.3521789,36.7123912,Karen Blixen Museum
L3970131,KE,KE-110,,-1.3326001,36.7325091,Karen C (Hillcrest) Dam
L3638116,KE,KE-110,,-1.3418337,36.7162335,Karen Country Club
L7925100,KE,KE-110,,-1.3218181,36.716941,Karen Inn and Suites
L6290905,KE,KE-700,,-0.4562028,36.2802404,"Kariandusi Prehistoric Site, Gilgil"
L1807592,KE,KE-700,,1.0825757,36.8086769,Karissia Hills
L1460267,KE,KE-110,,-1.2381315,36.8354416,"Karura Forest, Muthaiga"
L3922510,KE,KE-110,,-1.2262045,36.894697,Kasarani (incl. ICIPE and Sports Complex)
L2729198,KE,KE-700,,0.5925645,35.7907104,"Katimok Forest, Tugen Hills"
L1322407,KE,KE-700,,-0.0314054,34.9385941,Kavirondo Escarpment (Central)
L1472603,KE,KE-700,,-0.0270603,35.0430501,Kavirondo Escarpment (Kibongwa Road)
L1472609,KE,KE-600,,-0.029039,34.8520942,Kavirondo Escarpment (West)
L1461587,KE,KE-300,,-3.9225029,39.5970111,Kaya Bomu/Fumboni/Rabai
L6644458,KE,KE-300,,-4.3322299,39.5198607,Kaya Muhaka
L1901690,KE,KE-700,,-0.2998921,35.8995169,"Kembu Farm and Cottages, Njoro"
L2041837,KE,KE-400,,0.084747,37.2525197,Ken Trout Guest Cottages
L3936159,KE,KE-200,,-1.1929625,36.9640911,"Kenyatta University WTP, Kahawa"
L1472581,KE,KE-700,,-0.4300694,35.229667,Kericho Tea Estates (1800-1900m)
L1462546,KE,KE-700,,-0.3691445,35.2963644,Kericho Tea Hotel and Kimugu River
L1756059,KE,KE-700,,1.2315912,35.0634387,Keringet Dam and Farmland
L3539831,KE,KE-700,,0.1858231,35.626173,Kerio Forest Overlook
L1481063,KE,KE-700,,0.4533723,35.6482422,Kerio Valley and Chebloch Gorge
L2059234,KE,KE-700,,0.5701467,35.5242062,Kerio Valley--Tambach Escarpment
L1966178,KE,KE-700,,0.6551963,35.5111213,Kerio View Hotel
L6290837,KE,KE-700,,0.6363288,35.5202526,Kessup
L8473474,KE,KE-110,,-1.2395982,36.8201476,"Kfeet, Wetlands & Lily Lake, Karura Forest"
L6946623,KE,KE-400,,-0.6396535,37.9100311,Kiambere Dam
L2383555,KE,KE-200,,-1.115069,36.6838388,Kiambethu Tea Farm
L7830908,KE,KE-700,,-2.7329052,37.3749215,Kibo Safari Camp
L1460329,KE,KE-400,,-2.4176949,37.9608536,Kibwezi (general)
L2020984,KE,KE-700,,-1.2485231,35.0110245,Kichwa Tembo Lodge and Concession
L3634774,KE,KE-200,,-0.8112989,36.7430878,Kieni Forest (Thika-Gatura road)
L921189,KE,KE-200,,-0.8653336,36.7234468,Kieni Forest (Thika-Mangu road)
L3689088,KE,KE-700,,-0.5671943,36.3918686,Kigio Wildlife Conservancy
L1458531,KE,KE-200,,-0.9490123,36.603291,Kijabe Town and Forest
L4561068,KE,KE-300,,-3.908,39.786,Kikambala to Mtwapa (South Kilifi County)
L9656777,KE,KE-700,,-0.391,36.267,Kikopey Hills
L8074832,KE,KE-300,,-3.959763,38.9479923,Kilibasi Hill
L1921475,KE,KE-300,,-3.6597327,39.9946976,Kilifi (Offshore)
L1874625,KE,KE-300,,-3.640203,39.8593426,Kilifi (general)
L5386064,KE,KE-300,,-3.6243562,39.8219204,Kilifi Creek
L1406787,KE,KE-700,,-2.7681087,37.5150296,Kilimanjaro Bush Camp
L6293864,KE,KE-700,,-2.8077978,37.5322366,Kimana (general)
L8263303,KE,KE-700,,-2.746951,37.529432,Kimana Sanctuary
L8263299,KE,KE-700,,-2.74784,37.517923,Kimana Sanctuary--Kimana House
L6286247,KE,KE-200,,-0.9624443,36.6444039,"Kimende Hill, Kereita Forest"
L6308573,KE,KE-700,,-1.3586425,36.5987849,"Kimuka area, Rift Valley"
L6957859,KE,KE-700,,0.3158711,35.6342626,Kimwarer Fluorspar Mine (general)
L1458519,KE,KE-200,,-0.851821,36.6019821,Kinangop Plateau and Grasslands
L6946673,KE,KE-400,,-0.8109578,37.8101885,Kindaruma Dam
L5546935,KE,KE-700,,-0.6831103,36.2835073,Kingono Game Ranch
L2484744,KE,KE-700,,0.2508823,35.1480317,Kingwal Swamp
L2110465,KE,KE-700,,0.4757841,35.7764035,"Kinyo Forest, Tugen Hills"
L6303581,KE,KE-400,,-1.2134401,37.3259318,"Kinyui Area, Tala"
L8187366,KE,KE-700,,1.2841322,34.979195,Kipser Escarpment
L7743873,KE,KE-400,,-1.0743441,37.488994,Kipwa Conservancy
L1874633,KE,KE-600,,-0.683396,34.7901108,Kisii (general)
L1409107,KE,KE-300,,-4.7190769,39.369421,Kisite-Mpunguti NP--Kisite Island
L7921750,KE,KE-600,,-0.1297621,34.7552417,Kisumu Fish Hatchery
L6563632,KE,KE-600,,-0.0812777,34.7275311,Kisumu International Airport
L7207797,KE,KE-600,,-0.1035547,34.7727853,Kisumu Polytechnic and vicinity
L921121,KE,KE-600,,-0.1254071,34.7425032,"Kisumu Waterfront (incl. Ndunga Swamp, Hippo Pt. and Impala Park)"
L1279798,KE,KE-700,,1.0024513,35.0017548,Kitale Golf Club
L1279823,KE,KE-700,,1.0132107,35.0055367,Kitale Nature Trail and town
L3886007,KE,KE-700,,1.0102564,35.0157773,Kitale Showground Forest
L6290772,KE,KE-400,,-1.4832304,36.8924117,"Kitengela, Athi Plains"
L6253383,KE,KE-400,,-1.7547229,37.507925,Kithumba-Mutula Forest
L921216,KE,KE-300,,-3.4460825,37.6125526,"Kitovu Forest, Taveta"
L1921476,KE,KE-300,,-1.8851883,41.6114044,Kiunga (Offshore)
L6810471,KE,KE-300,,-1.7454246,41.4864564,Kiunga (general)
L3932669,KE,KE-110,,-1.373452,36.7392361,Koitobos Road
L7168052,KE,KE-700,,0.5628328,35.5283833,Kolol Hill
L7168046,KE,KE-700,,0.5561891,35.5344763,Kolol Viewpoint
L1756044,KE,KE-700,,1.3268496,35.0604629,Kongelai Escarpment
L3061026,KE,KE-300,,-4.2584731,39.5972586,Kongo River Estuary @ Tiwi Beach
L7206989,KE,KE-600,,-0.0443058,35.1710558,Kopere-Songo area
L6303605,KE,KE-400,,2.3491598,37.4671125,Koroli Desert
L1798031,KE,KE-700,,1.4775555,35.0140002,"Kuchelebai (Kacheliba), Suam River"
L2484724,KE,KE-300,,-3.071,39.2861277,Kulalu Camp
L7976331,KE,KE-300,,-4.162,39.449,Kwale (general)
L920933,KE,KE-700,,0.6199601,36.0471725,Lake Baringo (general)
L1235064,KE,KE-700,,0.6211231,36.0081196,Lake Baringo--Inshore Cliffs and surrounds
L4338162,KE,KE-700,,0.5970275,36.0732651,Lake Baringo--Ol Kokwe Island
L4338147,KE,KE-700,,0.641665,36.094434,"Lake Baringo--Ruko Game Reserve (""Giraffe Island"")"
L4335952,KE,KE-700,,0.640508,36.072424,Lake Baringo--Samatian Island
L8386766,KE,KE-700,,0.6271963,36.0350101,Lake Baringo--Tumbili Cliff Lodge
L1235061,KE,KE-700,,0.6081848,36.0209513,Lake Baringo--West Shore (incl. Baringo Club and Robert's Camp and airstrip)
L961804,KE,KE-700,,0.2499382,36.1024475,Lake Bogoria NR
L2712581,KE,KE-700,,0.1922141,36.1226499,Lake Bogoria NR--Fig Tree Campsite
L2712562,KE,KE-700,,0.3556626,36.0517967,Lake Bogoria Spa Resort
L1803091,KE,KE-300,,-3.2084993,40.0398982,Lake Chem Chem
L1921454,KE,KE-700,,-0.4524947,36.2422228,Lake Elementaita (general)
L5375564,KE,KE-700,,-0.4724497,36.258316,Lake Elementaita Hot Spring
L4235132,KE,KE-700,,-0.4335978,36.2498939,Lake Elementaita--Sentrim Lodge (formerly Flamingo Camp)
L1874607,KE,KE-700,,-0.4055144,36.2406403,Lake Elementaita--Serena Camp (formerly Delamere Camp)
L4711181,KE,KE-700,,-0.4764542,36.2661803,Lake Elementaita--South
L6201096,KE,KE-700,,-0.41141,36.24727,Lake Elementaita--Sunbird Lodge
L1803087,KE,KE-300,,-3.1970576,39.900595,Lake Jilore
L5621502,KE,KE-300,,-2.44,40.681,Lake Kenyatta
L5672524,KE,KE-300,,-2.4132742,40.6813002,"Lake Kenyatta, Mpeketoni"
L6308544,KE,KE-700,,-1.7796549,36.5017962,Lake Kwenia
L921090,KE,KE-700,,-1.8989137,36.2981415,Lake Magadi
L1195069,KE,KE-700,,-0.7710796,36.3516998,Lake Naivasha
L1233648,KE,KE-700,,-0.772367,36.4206648,Lake Naivasha Country Club
L9905627,KE,KE-700,,-0.7592178,36.4315653,Lake Naivasha Resort
L1027884,KE,KE-700,,-0.7909905,36.2960815,Lake Naivasha--Barton Hill
L2366739,KE,KE-700,,-0.8267054,36.3364112,Lake Naivasha--Camp Carnelley's and Fisherman's Camp
L5420336,KE,KE-700,,-0.8301683,36.3514102,Lake Naivasha--Crayfish Camp
L3837535,KE,KE-700,,-0.764421,36.421906,Lake Naivasha--Crescent Camp
L961800,KE,KE-700,,-0.765587,36.3983917,Lake Naivasha--Crescent Island
L1279463,KE,KE-700,,-0.8139158,36.3151574,Lake Naivasha--Elsamere
L1027936,KE,KE-700,,-0.8135188,36.2777567,Lake Naivasha--Lake Oloidon
L1314526,KE,KE-700,,-0.7137987,36.32842,Lake Naivasha--Loldia House
L3645588,KE,KE-700,,-0.8108759,36.3918525,Lake Naivasha--Safariland/Sopa Lodge
L920937,KE,KE-700,,-0.3567787,36.0902596,Lake Nakuru NP
L4213876,KE,KE-700,,-0.3154487,36.0715672,Lake Nakuru NP--Flamingo Hill Camp
L1233670,KE,KE-700,,-0.4226908,36.1300206,Lake Nakuru NP--Lake Nakuru Lodge
L5381648,KE,KE-700,,-0.3468709,36.121801,Lake Nakuru NP--Lion Hill Lodge
L3058131,KE,KE-700,,0.0416,35.5402,Lake Narusha/Timboroa Dam
L6301082,KE,KE-200,,-0.1542919,36.4422941,"Lake Ol Bolossat, Nyahururu"
L6311500,KE,KE-600,,-0.3662642,34.6291423,Lake Simbi
L1279523,KE,KE-700,,-0.7824082,36.2620068,Lake Sonachi/Crater Lake
L6286237,KE,KE-700,,3.685803,36.0596609,Lake Turkana IBA
L2437572,KE,KE-700,,3.495858,36.037216,Lake Turkana--Central Island NP
L3645639,KE,KE-700,,3.2531401,36.020793,Lake Turkana--Eliye Springs
L3642823,KE,KE-400,,3.9463209,36.1893082,Lake Turkana--Koobi Fora
L1823843,KE,KE-400,,2.7581495,36.7166663,Lake Turkana--Loiyengalani
L5088787,KE,KE-700,,3.0159555,36.1284828,Lake Turkana--Nadoto Harbour
L6311498,KE,KE-600,,-0.4484213,34.1986451,Lake Victoria Safari Village
L3061017,KE,KE-600,,-0.3515,34.6539,Lake Victoria--Kendu Bay
L2297779,KE,KE-600,,-0.4586743,34.0102386,Lake Victoria--Mfangano Island
L1438115,KE,KE-600,,-0.4104388,34.170742,Lake Victoria--Rusinga Island
L3247890,KE,KE-300,,-2.2839331,40.8668447,Lamu (general)
L8134472,KE,KE-300,,-2.2935063,40.9143575,Lamu--Shela
L1488626,KE,KE-110,,-1.3686118,36.7493534,Langata (general)
L981384,KE,KE-110,,-1.3762185,36.7446864,Langata Giraffe Centre (incl. ravine trail)
L6290921,KE,KE-700,,0.0610585,35.6127191,Lembus/Arama Forest
L9200072,KE,KE-700,,-1.141173,35.1850421,Lemek Conservancy
L1807615,KE,KE-700,,1.0709048,36.5877487,Leroghi Plateau
L1629281,KE,KE-400,,0.2107997,37.4353981,Lewa Wildlife Conservancy
L2708029,KE,KE-400,,0.2528603,37.3887706,Lewa Wildlife Conservancy--Lewa Safari Camp (Lerai Tented Camp)
L6301122,KE,KE-700,,0.0457635,37.0613265,"Liki River Farm, Nanyuki"
L3061002,KE,KE-300,,-4.0787,39.6654,Likoni Ferry
L1235866,KE,KE-200,,-1.1232694,36.643272,Limuru Wastewater Treatment Ponds
L3996008,KE,KE-600,,-0.4804402,34.2977178,Llambwe River Mouth
L1807616,KE,KE-700,,3.1157994,35.600853,Lodwar
L6303573,KE,KE-700,,3.1222479,35.6098115,Lodwar Airport
L6303558,KE,KE-700,,0.6069289,36.8323946,Loisaba
L1879227,KE,KE-700,,-1.2619524,35.685997,Loita Plains (btwn Narok and Massai Mara)
L1921517,KE,KE-700,,4.2072392,34.3544197,Lokichoggio (general)
L8040805,KE,KE-700,,2.4202694,34.9576169,Lokitanyala Escarpment
L8069161,KE,KE-700,,4.2679373,35.7531652,Lokitaung
L6311625,KE,KE-700,,1.0187294,34.8802829,"Lokitela Farm, Kitale."
L6269568,KE,KE-700,,-1.2865797,34.940815,Lol Konoi Camp
L6301130,KE,KE-700,,0.1348714,37.1324587,Lolldaiga Hills
L6301108,KE,KE-400,,0.1034574,37.2759676,"Lolomarik Farm, Timau"
L1803061,KE,KE-700,,-0.1122465,35.7273245,Londiani Volcano
L6311701,KE,KE-700,,-0.860863,35.3925741,Longisa (general)
L6303592,KE,KE-400,,1.5683328,37.6947999,Losai NR
L1875244,KE,KE-700,,1.2253712,36.5427734,Losiolo Escarpment
L5602218,KE,KE-200,,-0.9532467,36.5876298,Lower Kijabe (below airstrip)
L1458581,KE,KE-700,,-1.6648124,36.3761616,Lower Magadi Road (from below Olepolos to the bluffs above the lake)
L5414137,KE,KE-300,,-2.5175477,40.3465605,Lower Tana River Delta
L1473732,KE,KE-600,,-0.3836238,34.2833117,Luanda Kotiendo Ferry Terminal
L972488,KE,KE-400,,-1.4863435,37.0718622,Lukenya
L7902420,KE,KE-300,,-4.556322,39.0868929,Lunga Lunga
L8789836,KE,KE-400,,-1.4886684,37.129552,Maanzoni Sanctuary
L5605855,KE,KE-700,,-1.2516415,34.8997675,Maasai Education Centre
L2484695,KE,KE-110,,-1.384207,36.8144828,Maasai Lodge and Silole Sanctuary
L1235762,KE,KE-700,,-1.4728039,35.0894737,Maasai Mara NR (general please use more specific location if possible)
L9558642,KE,KE-700,,-1.536,35.215,"Maasai Mara NR, Eastern Section"
L9538554,KE,KE-700,,-1.6532257,35.3636689,"Maasai Mara NR, Elangata Olerai Camp, Kenya"
L1965607,KE,KE-700,,-1.4426421,35.2082205,Maasai Mara NR--Aruba Mara Camp & Talek Gate
L948217,KE,KE-700,,-1.5084202,35.1064682,Maasai Mara NR--Central section
L7621799,KE,KE-700,,-1.6432982,35.2828395,Maasai Mara NR--Enkewa Camp
L1758403,KE,KE-700,,-1.4344525,35.1897814,Maasai Mara NR--Fig Tree Camp
L921195,KE,KE-700,,-1.2991721,35.0379522,Maasai Mara NR--Governor's Camp
L1028704,KE,KE-700,,-1.4611091,35.2310944,Maasai Mara NR--Ilkeliani Camp
L1279976,KE,KE-700,,-1.5934988,35.2331543,Maasai Mara NR--Keekorok Lodge
L3895314,KE,KE-700,,-1.2823751,35.0371814,Maasai Mara NR--Little Governor's Camp
L3839014,KE,KE-700,,-1.463867,35.044383,Maasai Mara NR--Mara Ashnil Camp
L7343875,KE,KE-700,,-1.354342,34.868814,Maasai Mara NR--Mara Engai Lodge
L2389174,KE,KE-700,,-1.4167,35.1104,Maasai Mara NR--Mara Intrepids
L4694508,KE,KE-700,,-1.2642907,35.0228262,Maasai Mara NR--Mara North Airstrip
L5059306,KE,KE-700,,-1.344383,35.163605,Maasai Mara NR--Mara Plains Camp
L4715687,KE,KE-700,,-1.5434782,35.0200796,Maasai Mara NR--Mara River Bridge & Hippo Pond
L2534521,KE,KE-700,,-1.40267,35.0251,Maasai Mara NR--Mara Serena Lodge
L2940048,KE,KE-700,,-1.4712424,35.2953601,Maasai Mara NR--Mara Simba Lodge
L1273199,KE,KE-700,,-1.4017385,34.9485397,Maasai Mara NR--Mara Triangle
L5174792,KE,KE-700,,-1.2995815,35.0587048,Maasai Mara NR--Musiara Airstrip
L4715640,KE,KE-700,,-1.2756991,35.0515366,Maasai Mara NR--Musiara Swamp
L4929124,KE,KE-700,,-1.423433,35.076324,Maasai Mara NR--Naibor Camp
L920932,KE,KE-700,,-1.2523417,35.102005,Maasai Mara NR--Northern section and boundaries
L1409703,KE,KE-700,,-1.6091482,35.1508427,Maasai Mara NR--Sand River
L2741698,KE,KE-700,,-1.5296902,35.3189099,Maasai Mara NR--Sarova Mara Game Camp
L1823845,KE,KE-700,,-1.4991199,35.415802,Maasai Mara NR--Siana Springs (formely Cottar's Camp)
L2380738,KE,KE-700,,-1.547339,35.181656,Maasai Mara NR--Southern section
L4723246,KE,KE-700,,-1.4621387,35.2018261,Maasai Mara NR--Talek Plains
L8761465,KE,KE-700,,-1.5929221,35.3905506,Maasai Mara Sopa Lodge
L4070409,KE,KE-700,,-1.600146,35.131899,Maasia Mara NR--Sala's Camp
L1874634,KE,KE-400,,-1.5437356,37.2656822,Machakos (general)
L8558068,KE,KE-400,,-1.5379012,37.2374725,Machakos People's Park
L6286229,KE,KE-400,,-1.5405296,37.33253,Machakos Valleys IBA
L921211,KE,KE-800,,0.4516149,34.3505,Madende Creek
L3990873,KE,KE-600,,-0.6899806,34.1516863,Magunga (general)
L6051858,KE,KE-300,,-2.298339,40.922702,Majlis
L6788269,KE,KE-400,,-0.7711513,37.6383503,"Makima road, north of Mwea"
L7852937,KE,KE-400,,-1.7139153,37.4046278,Makongo Woods
L6253851,KE,KE-400,,-1.8175204,37.5068951,Makuli-Nguuta Forest
L1473679,KE,KE-800,,0.6544165,34.3517415,Malaba Woodlands
L6311584,KE,KE-800,,0.4559435,34.8561645,Malava Forest
L3642871,KE,KE-700,,-1.9872821,36.7456627,Malepo Hills and Conservancy
L6290777,KE,KE-200,,-0.5526908,36.4058885,Malewa River Lodge
L1807619,KE,KE-300,,-3.2132915,40.1196671,Malindi (general)
L6331321,KE,KE-300,,-3.2370661,40.2554083,Malindi (offshore)
L6467267,KE,KE-300,,-3.22,40.128,Malindi Harbour
L5791633,KE,KE-300,,-3.2547074,40.132767,Malindi Marine NP
L6092410,KE,KE-300,,-3.156328,40.1185083,Malindi to Sabaki (B8)
L6290943,KE,KE-700,,-0.6047479,36.4289099,Malu Farm
L3932673,KE,KE-110,,-1.333236,36.7499462,Mamba Village
L6053027,KE,KE-300,,-2.2521664,40.922184,Manda Island (incl. airport)
L6045879,KE,KE-300,,-2.222546,40.982157,Manda Toto
L3642845,KE,KE-500,,3.9408678,41.8536615,Mandera (general)
L1122114,KE,KE-200,,-1.1048,36.6328,Manguo Swamp
L5508041,KE,KE-700,,-1.5034995,35.3781009,Mara Bushtops
L2723124,KE,KE-700,,-1.2073372,35.0413549,Mara River--Mara River Camp
L3633514,KE,KE-700,,-1.0928978,35.2057314,Mara River--Mara Safari Club
L7904438,KE,KE-700,,-1.0454352,35.232058,Mara Training Centre
L3542985,KE,KE-700,,-1.2658589,34.9680823,Mara West Camp
L1853074,KE,KE-700,,1.0838868,36.6929948,Maralal (incl. Maralal Lodge)
L1807620,KE,KE-700,,1.462969,35.3733304,Marich Pass
L6312717,KE,KE-700,,1.5380875,35.4589802,Marich Pass Field Studies Centre
L3638707,KE,KE-700,,0.4710922,35.9788084,Marigat (general)
L1798006,KE,KE-700,,0.4702997,35.9108627,Marigat - Kabarnet road
L6303570,KE,KE-400,,2.2884414,37.954545,Marsabit NP
L921135,KE,KE-400,,2.2603569,37.934525,Marsabit NP--Lake Paradise
L921129,KE,KE-400,,2.3090785,37.9661536,Marsabit NP--Marsabit Lodge
L6298532,KE,KE-700,,-0.6620517,36.375432,"Marula Farm Estate, Lake Naivasha"
L3765958,KE,KE-700,,-1.3283255,34.992654,Masaai Mara NR--Mara River (North)
L6311503,KE,KE-600,,-0.0055475,34.5979643,Maseno
L6962895,KE,KE-400,,-0.8802292,37.5898719,Masinga Dam
L3242316,KE,KE-600,,-0.1576509,34.2881863,Matangwe Banding Area-1
L6303560,KE,KE-700,,1.3003263,37.265625,Mathew's Range
L2743668,KE,KE-700,,1.2231231,37.303133,Matthews Range--Kitich Camp (Namunyak WTC)
L1437096,KE,KE-700,,-0.2933337,35.647223,Mau Narok/Molo Grasslands
L7751770,KE,KE-400,,0.2313637,37.9409516,Maua (general)
L6296592,KE,KE-300,,-3.5631779,38.7485433,Maungu (general)
L1461598,KE,KE-300,,-3.6089586,38.741623,Maungu Hill
L3596228,KE,KE-700,,-1.4048218,36.7242479,"Maxwell Adventist Academy, Ongata Rongai"
L7721767,KE,KE-200,,-1.0458589,36.5975404,Mayer Lodge Rd.
L6312722,KE,KE-700,,-2.5233471,37.5289106,Mbinkani Group Ranch (general)
L7443412,KE,KE-700,,-2.5272887,37.6436019,Mbirikani Group Ranch
L6311494,KE,KE-600,,-0.4361716,34.2087865,Mbita (incl. ICIPE compound)
L6301196,KE,KE-700,,-0.4784497,36.1174786,"Mbweha Camp, Nakuru"
L6259820,KE,KE-300,,-1.8764304,40.1388609,"Mchelelo/KWS Research Camp, Baomo, Tana River Primate Reserve"
L921091,KE,KE-400,,0.0888862,37.6231956,Meru (Imenti) Forest
L1120197,KE,KE-400,,0.1338958,38.2255554,Meru NP
L3646233,KE,KE-400,,0.1885425,38.0756736,"Meru NP--Kindani Campsite, Rojoweru River"
L3264773,KE,KE-400,,0.2097612,38.1097484,Meru NP--Murera Springs
L3646226,KE,KE-400,,0.2025035,38.061415,Meru NP--Nyati Campsite
L5742425,KE,KE-400,,0.0126,38.2867,Meru NP--South
L921088,KE,KE-300,,-3.3283915,39.9694633,Mida Creek
L6333255,KE,KE-700,,-1.1720786,34.8366487,"Migori River, Lolgorien"
L6294590,KE,KE-200,,-0.4000028,36.4951336,"Miharati, North Kinangop"
L6788659,KE,KE-300,,-3.112,40.035,Mikimba Swamp
L3060985,KE,KE-700,,-0.0290344,35.9641635,Mogotio Sisal Ponds
L6869458,KE,KE-110,,-1.2291156,36.8901443,Moi Int Sports Center Kasarani
L5404977,KE,KE-300,,-4.0305109,39.6010351,Moi International Airport
L6259740,KE,KE-300,,-4.0511447,39.6613741,Mombasa (general)
L6795938,KE,KE-300,,-4.1018008,39.7456813,Mombasa (offshore)
L1014985,KE,KE-300,,-4.0615516,39.679876,Mombasa Club
L1803073,KE,KE-400,,-1.5977886,37.1656322,Mombasa Rd. (btwn Athi River and Salama)
L2956159,KE,KE-400,,-2.568218,38.071598,Mombasa Rd. (btwn Kibwezi and Mtito Andei)
L1460330,KE,KE-300,,-3.0062986,38.4702587,Mombasa Rd. (btwn Mtito Andei and Voi)
L3635811,KE,KE-700,,-2.0940285,37.4946213,Mombasa Rd. (btwn Salama and Kiboko)
L1875249,KE,KE-300,,-3.6326651,38.8778687,Mombasa Rd. (btwn Voi and Samburu)
L8003726,KE,KE-300,,-3.2650113,39.7155812,Mongeya Hill
L3635582,KE,KE-200,,-0.0365481,37.1280813,Mount Kenya Safari Club/William Holden Wildlife Foundation
L6180902,KE,KE-700,,-0.906359,36.460754,Mount Longonot NP
L6301156,KE,KE-200,,-0.341288,37.1052289,"Mountain Lodge entrance road, Mt Kenya"
L1399176,KE,KE-700,,0.4262656,36.864624,Mpala Ranch and Research Centre
L4299985,KE,KE-700,,0.317893,36.909908,Mpala Research Centre--Hippo Pool
L1897402,KE,KE-700,,0.2929514,36.8985118,Mpala Research Centre--Labs
L1890211,KE,KE-700,,0.2845802,36.9104262,Mpala Research Centre--River Camp
L6259799,KE,KE-300,,-4.4847561,39.262948,Mrima Hill Forest IBA
L1460552,KE,KE-300,,-4.501011,39.4717312,Msambweni (General)
L3634664,KE,KE-300,,-4.5375981,39.565115,Msambweni (Offshore)
L1456900,KE,KE-300,,-4.4411466,39.4951093,Msambweni--Mukurumudzi River and Estuary
L7738672,KE,KE-300,,-3.87,39.803,Msumarini (Kikambala)
L1856674,KE,KE-800,,1.0524997,34.648304,Mt Elgon NP (Kenya)
L7862296,KE,KE-400,,-0.347658,37.485362,Mt Kenya--Irangi Forest
L3645606,KE,KE-700,,-1.1240353,36.3635445,Mt Suswa (general)
L5141665,KE,KE-700,,-1.1535037,36.3366365,Mt Suswa--Inner Crater
L8035103,KE,KE-400,,-1.265647,38.5844517,Mt. Endau
L3615992,KE,KE-300,,-3.8232028,38.6589146,Mt. Kasigau (and Rukanga)
L2726319,KE,KE-400,,-0.1426133,37.3113213,Mt. Kenya NP (general)
L1847383,KE,KE-400,,-0.105812,37.3444176,Mt. Kenya NP--Alpine Zone
L1745937,KE,KE-200,,-0.3793113,37.3103573,Mt. Kenya NP--Castle Forest and Lodge
L1851146,KE,KE-400,,-0.2298626,37.5299406,Mt. Kenya NP--Chogoria Road
L1851147,KE,KE-400,,-0.1591583,37.4454548,Mt. Kenya NP--Meru/Chogoria Bandas
L1120199,KE,KE-200,,-0.1761243,37.1735716,Mt. Kenya NP--Met Station Road
L1921521,KE,KE-200,,-0.1702948,37.2135172,Mt. Kenya NP--Meteorological Station
L3962628,KE,KE-400,,-0.0389671,37.4606538,Mt. Kenya NP--Rutundu Fishing Lodge
L2651344,KE,KE-200,,-0.3166493,37.1523178,Mt. Kenya NP--Serena Mountain Lodge
L1008083,KE,KE-400,,-4.978E-4,37.2520337,Mt. Kenya NP--Sirimon Track
L8032651,KE,KE-700,,2.1330725,36.8359304,Mt. Nyiru
L921199,KE,KE-700,,0.8400807,37.5625992,Mt. Ololokwe/Uraguess
L1921493,KE,KE-400,,-2.693921,38.166123,"Mtito Andei (general, incl NP gates)"
L6259761,KE,KE-300,,-3.9539802,39.7423768,Mtwapa (general)
L6795921,KE,KE-300,,-3.9813645,39.8302889,Mtwapa (offshore)
L3884618,KE,KE-300,,-3.9437528,39.7712052,"Mtwapa, Jumba Ruins & Beach"
L3580054,KE,KE-300,,-3.9114385,39.7140741,Mtwapa--Ngamani
L1850573,KE,KE-400,,-1.4781701,37.2891141,Mua Hills--Iveti Forest
L6294833,KE,KE-700,,0.3222382,37.2974253,"Mukogodo Forest, Laikipia"
L4700374,KE,KE-800,,0.31338,34.40995,Mumias River Crossing
L1545306,KE,KE-800,,0.3654513,34.5249798,Mumias Sugar Plantation
L6308542,KE,KE-400,,-0.5102252,37.978406,"Mumoni Hill, Mwingi"
L3615998,KE,KE-800,,0.4839663,34.3134356,Mungatsi
L6714875,KE,KE-200,,-1.0930733,36.9516563,Murera Dam/Ruera Farms
L6294580,KE,KE-200,,-0.5878577,36.4900267,"Murungaru, North Kinangop"
L9344350,KE,KE-700,,0.1025249,36.755374,Mutara Conservancy
L6608777,KE,KE-200,,-0.782208,36.792338,Mutura Falls
L2076339,KE,KE-300,,-4.1207791,39.4546509,Mwaluganje Elephant Sanctuary
L5501139,KE,KE-300,,-3.3781475,39.9888892,Mwamba Field Study Centre
L3645600,KE,KE-400,,-0.8194248,37.6133466,Mwea NR
L3622974,KE,KE-200,,-0.7008445,37.334547,Mwea Rice Fields
L6301102,KE,KE-200,,-0.3165262,36.901381,Mweiga (general)
L1235833,KE,KE-700,,-1.3992444,35.3038788,Naboisho Conservancy
L1235753,KE,KE-700,,-1.4150164,35.2417105,Naboisho Conservancy--JK Mara Camp
L6432743,KE,KE-700,,0.448523,35.4218423,Naiberi River Campsite and Resort
L4283645,KE,KE-700,,-1.7661295,35.9377195,"Naimina Enkiyio Forest, Loita Hills"
L6660495,KE,KE-700,,-1.0903487,36.1595893,Nairagie Enkare Junction
L8463279,KE,KE-110,,-1.4245329,36.9279952,Nairobe NP--Rhino Circuit
L2949109,KE,KE-110,,-1.2769691,36.8005514,"Nairobi Arboretum, Chiromo"
L3642764,KE,KE-110,,-1.3183142,36.8055511,Nairobi Dam
L915651,KE,KE-110,,-1.3683544,36.8508911,Nairobi NP
L8463166,KE,KE-110,,-1.4129575,36.9289254,Nairobi NP--Athi Dam
L1807084,KE,KE-110,,-1.4139909,36.9000325,Nairobi NP--Hippo Pools
L8463713,KE,KE-110,,-1.3491295,36.7967347,Nairobi NP--Nagolomon Dam
L1046815,KE,KE-110,,-1.2748142,36.8140027,Nairobi River @ National Museums of Kenya (incl. Boulevard Hotel)
L3932666,KE,KE-110,,-1.3379815,36.7782019,"Nairobi Safari Walk, Langata"
L1279452,KE,KE-700,,-0.7123764,36.4378738,Naivasha Town
L1011402,KE,KE-700,,-2.5411614,36.7924758,Namanga--River Lodge
L2993091,KE,KE-800,,0.4505593,34.2590833,Nambale and Sio River
L5397132,KE,KE-700,,1.0092523,37.3856914,Namunyak WTC--Sarara Camp
L3931295,KE,KE-110,,-1.3111982,36.7071676,Nandi & Miotoni Roads
L6311571,KE,KE-700,,0.1050882,35.179038,Nandi Hills (general)
L3247453,KE,KE-700,,0.680984,35.16387,Nangili-Soy Dam
L3642599,KE,KE-700,,0.0190001,37.0787716,Nanyuki (general)
L3855262,KE,KE-200,,0.0024111,37.0808744,Nanyuki Cottage Hospital
L6301115,KE,KE-700,,0.0171788,37.0866117,Nanyuki Sports Club
L9428372,KE,KE-700,,-1.0701642,35.2176381,Naretoi
L3633489,KE,KE-700,,-0.2186961,37.0108366,Naro Moru Plains (Hwy A2 btwn Kiganjo and Naro Moru)
L3825545,KE,KE-700,,-0.21143,37.0134,Naro Moru Pond
L961024,KE,KE-700,,-0.1552997,37.01258,Naro Moru River Lodge
L6301483,KE,KE-700,,-0.2084236,36.9592309,Naro Moru to Solio Road
L3633460,KE,KE-700,,-1.0928978,35.8692026,Narok (general)
L6303594,KE,KE-700,,1.858525,35.3959107,Nasolot NR
L1803020,KE,KE-600,,-0.3612657,34.3042115,Naya Hill
L6705010,KE,KE-700,,0.351961,36.063171,"Nchorora Spring, Lorwok"
L1965466,KE,KE-200,,-0.0590248,36.5289157,Ndaragwa--general
L1850566,KE,KE-200,,-1.2903556,36.5521574,Ndeiya Crags
L5276560,KE,KE-400,,0.68896,36.942302,Ngai Siu Siu
L6301485,KE,KE-400,,0.3421506,38.0343676,Ngaia Forest
L7078701,KE,KE-700,,-2.2801731,36.8046874,Ngatatek
L978227,KE,KE-110,,-1.3144246,36.7405986,Ngong Forest Sanctuary
L972932,KE,KE-700,,-1.420524,36.6400909,Ngong Hills (above road access only)
L3267612,KE,KE-300,,-3.9905772,39.6919298,Nguuni Nature Sanctuary
L1460535,KE,KE-300,,-4.4717728,39.4505197,"Nimbodze Swamp, Msambweni"
L1823836,KE,KE-200,,-0.7243059,36.6575575,Njabini/South Kinangop (general)
L8049281,KE,KE-400,,-0.5037787,37.4269238,Njukiini Forest
L6294587,KE,KE-200,,-0.5728788,36.5708685,North Kinangop
L6355606,KE,KE-700,,0.2255453,34.9960899,North Nandi Forest--South end
L1233594,KE,KE-700,,0.0386238,36.3704967,Nyahururu (incl. Thomson's Falls)
L3666405,KE,KE-700,,-1.2039443,34.9272537,Nyakweri Forest
L2484720,KE,KE-300,,-4.0498333,39.71,Nyali Beach
L7854503,KE,KE-400,,0.2210285,37.8724893,"Nyambeni Hills (incl. the tower road,)"
L6311590,KE,KE-600,,-0.180958,34.7994733,Nyamware Rice Field
L1458476,KE,KE-200,,-1.0161954,36.6794588,Nyamweru Forest @ Gatwamba
L1874655,KE,KE-200,,-0.4107822,36.9503689,Nyeri (general)
L6301175,KE,KE-200,,-0.4112657,36.9040632,Nyeri Hill
L1756097,KE,KE-800,,0.3690885,34.4865734,"Nzoia River, Mumias"
L6709022,KE,KE-200,,-1.085286,36.926325,Oaklands Estate
L3348776,KE,KE-700,,0.61235,36.37,Ol Ari Nyiro Conservancy--Mukutan Retreat (Restricted access)
L6308527,KE,KE-700,,-1.4945133,36.5492177,Ol Doinyo Esakut
L6813888,KE,KE-700,,-2.4852747,36.7687941,Ol Doinyo Orok
L3947848,KE,KE-400,,-1.1399552,37.2605395,Ol Doinyo Sabuk NP
L3339588,KE,KE-700,,-1.4091978,35.4120255,Ol Kinyei Conservancy
L2519039,KE,KE-700,,0.021286,36.9137192,Ol Pejeta Conservancy
L2493316,KE,KE-700,,0.002347,36.946214,Ol Pejeta Conservancy--Sweetwaters Tented Camp
L3145766,KE,KE-700,,-1.3100741,35.2082634,Olare Motorogi Conservancy
L1823810,KE,KE-700,,-0.8555972,36.4790726,Old Naivasha Road (Rift Valley floor)
L9398582,KE,KE-700,,-1.7139988,35.3306229,Olderikesi Conservancy
L5086003,KE,KE-110,,-1.3264538,36.8469241,Ole Sereni Hotel
L1874621,KE,KE-700,,-1.5969414,36.4029354,"Olekemonge Gorge, Magadi Road"
L4794095,KE,KE-700,,-1.521578,36.607238,"Olepolos Wadi, Magadi Rd"
L3633137,KE,KE-700,,-1.8488426,36.1030483,Olkirimatian Game Ranch (South Ewaso Ngiro River)
L8442471,KE,KE-700,,-1.6074834,35.3892619,"Ololaimutiek, Enchoro Wildlife Camp"
L6660580,KE,KE-700,,-1.4027624,35.3464937,"Ololmorijo Stream, Mara Naboisho"
L2747216,KE,KE-110,,-1.360634,36.7117327,Ololua Forest and Nature Trail
L3931294,KE,KE-110,,-1.3571309,36.7000866,Ololua Ridge/Forest Line Rd.
L1829727,KE,KE-700,,-1.2480597,34.9953389,Oloololo Escarpment (general)
L1809323,KE,KE-700,,-1.5774669,36.4446222,Olorgesailie Archaeological Site
L1458590,KE,KE-700,,-1.5602967,36.4853539,Oltepesi Waterhole--Magadi Rd
L5686153,KE,KE-600,,-0.3890518,34.6251082,"Ondango Swamp, Kendu Bay"
L6298533,KE,KE-700,,-0.8348112,36.2434244,Oserian Sanctuary (incl. Kiangazi House & Kongoni Lodge)
L6308551,KE,KE-700,,-1.0668209,36.5899323,Osotua Camp
L5082368,KE,KE-200,,-0.4212103,36.9365931,Outspan Hotel
L5498170,KE,KE-300,,-4.3331457,39.5689344,Papillon Lagoon Reef Hotel
L2338199,KE,KE-200,,-1.188157,36.8266815,Paradise Lost
L6257642,KE,KE-400,,-2.9417318,38.4885648,"Patterson's Safari Camp, Tsavo East NP"
L1798003,KE,KE-700,,0.4791873,36.0224533,Perkerra Irrigation Scheme
L5507957,KE,KE-300,,-4.3762056,39.5534527,"Pinewood Beach Resort, Galu Beach"
L6818710,KE,KE-700,,-1.3272243,35.1733661,"Porini Lion Camp, Olare Motorogi"
L6813904,KE,KE-800,,0.0964036,33.9782453,Port Victoria/Bunyala
L8080242,KE,KE-300,,-3.932,39.572,Rabai (General)
L7236316,KE,KE-600,,-0.1540659,34.8329043,Rabuor (general)
L1921519,KE,KE-300,,-4.533859,39.3898916,Ramisi (general)
L6252507,KE,KE-300,,-4.5243577,39.4091874,Ramisi Sugar Dam
L3642852,KE,KE-500,,3.935773,41.2172699,Ramu (general)
L2767552,KE,KE-300,,-2.9795602,40.2393479,Ras Ngomeni
L5064933,KE,KE-110,,-1.2308083,36.7996328,Red Hill Marsh
L6303559,KE,KE-200,,-1.1723067,36.7080903,"Red Hill, Limuru"
L3931886,KE,KE-110,,-1.2229086,36.8435097,Ridgeways (general)
L6259756,KE,KE-300,,-3.4369694,39.9102831,"Roka Pools, South of Watamu"
L2484710,KE,KE-110,,-1.2247021,36.8043923,"Rosslyn River Wetlands (incl. River Cafe and Tribe Hotel), Kitisuru"
L8371084,KE,KE-200,,-1.1117561,36.9123755,Ruiru—Bennet’s Ridge Rd. (C65) and farmlands
L6070339,KE,KE-300,,-3.638487,38.781554,Rukinga Ranch
L1481654,KE,KE-600,,-0.6348766,34.2804909,Ruma NP
L1481637,KE,KE-600,,-0.6462135,34.3349748,Ruma NP (Fig Tree Campsite)
L5713097,KE,KE-600,,-0.5829792,34.2683101,"Ruma NP (public access section, incl. Northwest Gate)"
L6301499,KE,KE-700,,0.265934,36.5443468,Rumuruti (general)
L3941048,KE,KE-110,,-1.2077483,36.8121547,Runda Marsh
L5168144,KE,KE-600,,-0.410833,34.142222,Rusinga Island Lodge
L6575687,KE,KE-200,,-1.0355392,37.0824033,SACDEP
L981423,KE,KE-300,,-3.1562166,40.1303101,Sabaki River Estuary
L4711077,KE,KE-700,,-1.2257575,35.0093079,Sabaringo Valley
L6252500,KE,KE-300,,-4.2959693,39.4266272,Sable Valley Wildlife Sanctuary
L6301497,KE,KE-400,,0.6124157,36.8829757,Sabuk Lodge and Colcheccio Ranch
L1007483,KE,KE-110,,-1.2239384,36.8833351,"Safari Park Hotel, Kasarani"
L2484714,KE,KE-300,,-3.4899473,38.6480999,Sagala Lodge/Ndara Ranch
L8049261,KE,KE-300,,-3.5195671,38.5813887,Sagalla Hill
L8121335,KE,KE-700,,0.9181183,35.5324461,Sagotio Forest
L8108518,KE,KE-700,,0.6721924,35.8388605,"Saimo Forest, Saimo Hills"
L1279808,KE,KE-700,,1.0961627,35.1196861,Saiwa Swamp NP
L6257650,KE,KE-300,,-3.1609265,39.5452559,Sala Gate to Kakoneni
L1233063,KE,KE-700,,0.6127508,37.5462914,Samburu NR
L7279336,KE,KE-400,,0.5893746,37.6043701,Samburu NR--Elephant Bedroom Camp
L921120,KE,KE-400,,0.5727386,37.5730705,Samburu NR--Larsens Tented Camp
L4258009,KE,KE-400,,0.5777888,37.4938273,Samburu NR--Samburu Intrepids Lodge
L1008191,KE,KE-400,,0.5723624,37.5381463,Samburu NR--Samburu Lodge
L3619981,KE,KE-400,,0.5678397,37.5227952,Samburu NR--Samburu Serena Lodge
L1233073,KE,KE-700,,0.608732,37.5232458,Samburu NR--Samburu Sopa Lodge
L2993057,KE,KE-800,,0.33103,34.1419029,Samia Hills--north
L4419904,KE,KE-200,,-0.2952032,36.9515128,Sandai Cottages
L2689419,KE,KE-200,,-0.2996879,36.967535,Sangare Ranch and Lake
L5562099,KE,KE-700,,-2.8148067,37.4112448,Satao Elerai Camp
L6257635,KE,KE-300,,-3.3789816,38.9615053,"Satao Tented Camp, Tsavo East NP"
L6293874,KE,KE-200,,-0.7074586,37.2452134,Savage Camp. Sagana.
L5295203,KE,KE-110,,-1.3375498,36.7461133,Scripture Mission Conference Centre
L2752790,KE,KE-700,,0.1792142,36.8598175,Segera Retreat (Restricted access)
L6191509,KE,KE-700,,-2.3453035,37.3172092,Selenkay Conservancy
L6294632,KE,KE-200,,-0.703412,36.6044712,"Seminis/Douglas Dam, South Kinangop"
L6277844,KE,KE-700,,0.644891,35.3918338,Sergoit Rock
L2534665,KE,KE-400,,0.6236335,37.7653313,Shaba NR
L2751207,KE,KE-400,,0.6380296,37.8817257,Shaba NR--Joy's Camp
L983269,KE,KE-400,,0.6633706,37.7082753,Shaba NR--Shaba Sarova Lodge
L6311576,KE,KE-300,,-3.4519172,38.4977326,Shasha Camp
L978361,KE,KE-300,,-4.2636301,39.4005775,Shimba Hills NR
L921184,KE,KE-300,,-4.2008621,39.4320345,Shimba Hills NR--Shimba Hills Lodge
L1921465,KE,KE-300,,-4.789943,39.4889832,Shimoni (Offshore)
L1411349,KE,KE-300,,-4.580275,39.3528557,Shimoni Peninsula (general)
L1823813,KE,KE-300,,-4.6477185,39.3767311,Shimoni Town and Seafront
L2615508,KE,KE-700,,-2.0067231,36.0435677,Shompole Conservancy
L2445912,KE,KE-400,,3.876586,36.3022614,Sibiloi National Park
L3919936,KE,KE-110,,-1.2420287,36.8022037,Sigiri (Gigiri) Forest
L2484704,KE,KE-800,,0.2285236,34.015646,Sio Port Swamp IBA
L1756061,KE,KE-700,,1.1777244,35.1079917,"Sirikwa Safaris, Kapenguria area"
L1460282,KE,KE-400,,-1.4840704,37.0482664,Small World Country Club (Athi River)
L1966129,KE,KE-700,,-0.2344974,36.903913,Solio Game Reserve
L5530681,KE,KE-700,,0.2855354,36.674149,Sosian Game Ranch
L3633236,KE,KE-700,,2.0978654,36.9198132,South Horr
L6301084,KE,KE-700,,0.0482683,36.3824701,South Marmanet Forest
L2484703,KE,KE-700,,0.0818923,34.9886489,South Nandi Forest IBA
L3990857,KE,KE-600,,-0.5661772,34.3600309,South Ruri Hills
L6303584,KE,KE-700,,1.8855629,35.8009672,South Turkana NR
L7842678,KE,KE-700,,-1.9010665,35.7773703,Southern Nguruman Hills
L1756105,KE,KE-700,,-0.5050494,35.3231194,Southwest Mau Forest @ Chebangang
L1321992,KE,KE-700,,-0.3796492,35.3757191,Southwest Mau Forest @ Kericho
L1284269,KE,KE-700,,-0.4082073,36.2105942,Soysambu Conservency
L1965676,KE,KE-700,,0.013609,36.2472756,Subukia Bandas Lodge at Muringa Farm
L1854046,KE,KE-700,,0.8193055,36.6858103,Suguta Marmar Swamp
L3620679,KE,KE-700,,0.7069129,36.5943003,Suguta Mugie Swamp
L3918948,KE,KE-200,,-1.1747603,36.9631469,"Sukari Dam (Brookside Dairies/Gicheha Farms), Ruiru"
L5524693,KE,KE-300,,-4.2918838,39.5862937,Swahili Beach Resort
L4298087,KE,KE-400,,-1.5119595,37.0612729,Swara Plains Conservancy and Acacia Camp (formerly Hopcraft Ranch/Game Ranching Ltd.)
L7445552,KE,KE-600,,-1.0643252,34.1653883,"Tachwa Camp, Migori County"
L921179,KE,KE-300,,-3.3681832,38.3797073,Taita Hills (general)
L2484715,KE,KE-300,,-3.4850255,38.3454394,Taita Hills--Chawia Forest
L2484734,KE,KE-300,,-3.4229927,38.3596015,Taita Hills--Macha Forest
L2484741,KE,KE-300,,-3.3243299,38.4536076,Taita Hills--Mbololo Forest
L2484692,KE,KE-300,,-3.3692285,38.342371,Taita Hills--Ngaongao Forest
L2955726,KE,KE-300,,-3.4114047,38.2978034,Taita Hills--Vuria Forest
L2484699,KE,KE-300,,-3.4023333,38.36,Taita Hills--Wundanyi (general)
L2484721,KE,KE-300,,-3.4670214,38.3862305,Taita Lowlands (general)
L1965022,KE,KE-300,,-3.5003521,38.2067183,Taita Lowlands--Lions Bluff Lodge
L2484722,KE,KE-300,,-3.5343241,38.2464981,Taita Lowlands--Lumo Conservancy/Taita Hills Wildlife Sanctuary
L2484706,KE,KE-300,,-3.5032263,38.377862,Taita Lowlands--Mwatate (general)
L1013553,KE,KE-300,,-3.5480211,38.2175445,Taita Lowlands--Salt Lick Lodge
L1014040,KE,KE-300,,-3.5116712,38.2515117,Taita Lowlands--Taita Hills Lodge
L2484693,KE,KE-300,,-3.5222278,38.3869386,Taita Lowlands--Taita Sisal Estate Dam
L2484730,KE,KE-300,,-3.5439531,38.4068298,Taita Lowlands--Taita Sisal Estate Sanctuary
L6070390,KE,KE-300,,-3.703278,38.87691,Taita Ranch
L1461614,KE,KE-300,,-3.3404077,38.5239027,Taita Thicket (5-10km north of Voi)
L4074127,KE,KE-400,,-0.7873585,37.2680283,Tana River bridge
L3163351,KE,KE-700,,0.4889443,35.7981348,"Tarambas Forest, Tugen Hills"
L6691805,KE,KE-200,,-1.157938,36.897677,Tatu City
L6296610,KE,KE-300,,-3.3951585,37.6800585,Taveta (general)
L5229692,KE,KE-700,,-2.7253095,37.415885,Tawi-Kilitome Conservancy (incl. Tawi Lodge)
L1965080,KE,KE-300,,-3.3882883,39.9705554,"Temple Point & Mida Creek Mouth, Watamu"
L8614821,KE,KE-110,,-1.2324765,36.7941356,The Constant Gardener
L6583218,KE,KE-200,,-1.07122,36.953391,Theta Country Farm
L1802992,KE,KE-200,,-1.0872018,37.116227,Thika Wastewater Treatment Plant
L9097664,KE,KE-600,,-0.8911427,34.3254628,Thimlich Ohinga UNESCO World Heritage Site
L4205644,KE,KE-200,,-1.138924,36.6771441,Tigoni Dam
L3449046,KE,KE-400,,0.1444529,37.4772406,Timau Junction
L5052028,KE,KE-700,,-0.0502188,35.4118731,Tinderet Forest
L8282095,KE,KE-700,,-1.4344457,35.1931357,Tipilikwani Mara Camp
L6296627,KE,KE-400,,-1.3672232,37.8695083,"Tiva River, Kitui"
L8683545,KE,KE-300,,-4.229,39.572,Tiwi Swamp
L6308579,KE,KE-700,,-2.2618777,36.4114809,Torosei
L6311665,KE,KE-700,,-0.6859697,35.4704976,Trans-Mara Forest
L1886285,KE,KE-200,,-0.1029858,37.0356682,Trout Tree Restaurant
L2484707,KE,KE-300,,-3.1912503,38.7577057,Tsavo East NP (general)
L1015068,KE,KE-300,,-3.3528402,38.8189738,Tsavo East NP--Aruba Lodge and Dam
L2500265,KE,KE-300,,-3.0496683,38.7765884,Tsavo East NP--Epiya Chapeyu
L5178936,KE,KE-300,,-3.0251552,38.6514044,Tsavo East NP--Galdessa Camp
L6130625,KE,KE-300,,-3.0380289,38.694191,Tsavo East NP--Lugards Falls
L5001716,KE,KE-300,,-3.224509,38.522594,Tsavo East NP--Manyani Gate to Voi Safari Lodge
L2484740,KE,KE-300,,-3.4154145,38.6498809,Tsavo East NP--Ngutuni Safari Lodge and Wildlife Sanctuary
L6130641,KE,KE-300,,-3.0756571,39.2175946,Tsavo East NP--Sala Gate
L1823822,KE,KE-400,,-2.6390165,38.3643179,Tsavo East NP--Tsavo Safari Camp
L2484711,KE,KE-300,,-3.3466081,38.5661316,Tsavo East NP--Voi Safari Lodge
L1965056,KE,KE-300,,-3.3725701,38.5964513,Tsavo East NP--Voi Wildlife Lodge
L2526044,KE,KE-300,,-3.3642846,38.5851324,Tsavo East NP--Zomeni Lion Hill Lodge
L978892,KE,KE-400,,-2.7186448,38.3244324,Tsavo East NP--northern section
L1015061,KE,KE-300,,-3.366241,38.7217598,Tsavo East NP--southern section
L1403504,KE,KE-300,,-3.1103486,38.3141327,Tsavo West NP (general)
L3621320,KE,KE-300,,-2.9276331,37.912488,Tsavo West NP--Finch Hatton's Camp
L3635718,KE,KE-300,,-2.9069493,38.0602992,Tsavo West NP--Kilaguni Lodge
L920928,KE,KE-300,,-3.5994719,37.7691936,Tsavo West NP--Lake Jipe
L5046640,KE,KE-300,,-3.599,37.782,Tsavo West NP--Lake Jipe Safari Camp
L1403530,KE,KE-300,,-2.9842277,38.0224366,Tsavo West NP--Mzima Springs
L1801824,KE,KE-300,,-3.0154527,38.2107174,Tsavo West NP--Ngulia Lodge
L4011256,KE,KE-300,,-2.9985314,37.9855312,Tsavo West NP--Severin Safari Camp and Bandas
L3151199,KE,KE-300,,-3.2170493,37.7994168,Tsavo West NP--Voyager Ziwani Safari Camp
L1014026,KE,KE-300,,-2.8065704,38.1592941,Tsavo West NP--northern section
L1869311,KE,KE-300,,-3.5411775,37.9587936,Tsavo West NP--southern section
L2927197,KE,KE-700,,0.5013307,35.7805824,Tugen Hills--Kirendich Dam
L3163369,KE,KE-700,,0.6798421,35.8209819,Tugen Hills--Saimo Hills View Resort
L3645026,KE,KE-700,,0.3957779,35.7925344,Tugen Hills--Timboiwo Forest
L5276557,KE,KE-700,,0.4550481,36.9551539,Tumaren Camp
L6705025,KE,KE-700,,0.632194,36.037714,Tumbili Cliff Lodge
L6303604,KE,KE-200,,-0.4981236,36.450963,"Turasha, North Kinangop"
L7850791,KE,KE-400,,4.2873516,36.2612625,Turkana Basin Institute
L3539626,KE,KE-700,,0.4717201,35.3531456,Two Rivers Dam and Wetland
L3922807,KE,KE-110,,-1.2496279,36.7429268,U of N Kabete Campus & Field Station (incl. Loresho Swamp)
L2484709,KE,KE-110,,-1.2359368,36.8160975,UN Offices and Nature Trail (incl. ICRAF Rd.)
L3930705,KE,KE-110,,-1.3247487,36.8001866,Uhuru Gardens National Monument
L1122099,KE,KE-110,,-1.29,36.8159,Uhuru Park
L6311567,KE,KE-700,,-1.8165281,37.1471357,Ulu (general)
L9994998,KE,KE-400,,-1.7912705,37.2500424,Ulu Hills
L5240002,KE,KE-400,,-2.46404,37.9135394,Umani Springs Camp (incl. entrance road)
L4250579,KE,KE-400,,0.6314475,37.6602745,"Umoja Camp, Archer's Post"
L7721746,KE,KE-200,,-1.0698739,36.603452,Uplands Escarpment Rd.
L3170408,KE,KE-200,,-0.9247279,36.6062415,Upper Kijabe
L1458572,KE,KE-700,,-1.5104623,36.6193628,Upper Magadi Road (from Corner Baridi to Oltepesi/Olorgesaillie)
L3638685,KE,KE-110,,-1.3006009,36.8263435,Urban Nairobi (general)
L3338155,KE,KE-600,,-0.0654201,34.0585613,Usengi/Usigu (general)
L3931891,KE,KE-110,,-1.2586401,36.8558049,"Utalii Hotel & Library Park, Mathare"
L1967244,KE,KE-110,,-1.3532525,36.7499757,Utamaduni Craft Centre
L6962905,KE,KE-300,,-4.6602074,39.2203546,Vanga
L1823814,KE,KE-300,,-3.2239823,40.1297103,Vasco da Gama Point
L6259752,KE,KE-300,,-3.8241177,39.8228431,Vipingo (general)
L4022409,KE,KE-300,,-3.7989978,39.7897983,Vipingo Ridge (Restricted access)
L1874638,KE,KE-300,,-3.4005835,38.5506105,Voi (general)
L3615881,KE,KE-200,,-0.5746336,37.0829022,Wajee Camp and Mukurweini area
L6259755,KE,KE-300,,-4.6642709,39.3746781,Wasini Island
L3615948,KE,KE-300,,-3.4348932,40.0944328,Watamu (Offshore)
L1010894,KE,KE-300,,-3.355365,40.0139666,Watamu (general)
L9914333,KE,KE-300,,-3.4,39.981,Watamu Marine NP--Whale Island
L1279936,KE,KE-300,,-3.3636377,40.0043106,Watamu--Turtle Bay Beach Club
L6303571,KE,KE-400,,-1.8881011,37.2697288,"Wea Dam, Maiyani"
L6303569,KE,KE-700,,1.4867096,35.4885435,"Weiwei Irrigation Schemes, Sigor"
L2490422,KE,KE-700,,-0.2364042,35.5466294,West Mau Forest--central section
L6296612,KE,KE-300,,-3.617116,38.6923161,"Westermann's Safari Camp, Rukinga Ranch"
L7219611,KE,KE-600,,-0.2004167,34.2090278,Wichlum - the river bridge
L2613514,KE,KE-110,,-1.3277355,36.7556861,Wildebeest Eco Camp
L1966438,KE,KE-800,,0.1613615,34.7425461,William Colour Changing Swamp
L1120358,KE,KE-110,,-1.3219,36.8148,Wilson Airport
L1742955,KE,KE-110,,-1.2102128,36.8515134,"Windsor Golf Hotel and Country Club, Marurui"
L2980966,KE,KE-600,,0.0562019,34.148941,Yala Swamp and Lake Kanyaboli (general)
L6303597,KE,KE-700,,0.7878015,35.9209263,Yatya
L6311662,KE,KE-700,,0.8453237,35.2558029,Ziwa (general)
L5152556,KE,KE-200,,-1.031243,36.9730711,Ziwani Retreat Lodge
L9905177,KE,KE-700,,1.1961926,35.0765274,creeper site Kapenguria area
L9905161,KE,KE-700,,1.197927,35.0762228,"former Spotted Creeper site, Kapenguria area"
L6587955,KE,KE-700,,0.4786147,35.7030232,western slopes of Tugen Hills below Kabarnet
